--INSERT
-- Customer 1
INSERT INTO PurchaseTransaction
VALUES ('PD026','2019-12-20','ST002','VD006','PY009')

INSERT INTO PurchaseDetail
VALUES ('PD026','GW001',3)

INSERT INTO Payment
VALUES ('PY026','CASH',1300000)

INSERT INTO RentTransaction
VALUES ('RE026','2019-06-17','2019-06-19','ST008','MM002')

INSERT INTO RentDetail
VALUES ('RE026','GW005',3)

-- Customer 2
INSERT INTO PurchaseTransaction
VALUES ('PD027','2018-02-14','ST008','VD005','PY001')

INSERT INTO PurchaseDetail
VALUES ('PD027','GW010',4)

INSERT INTO Payment
VALUES ('PY027','GOPAY',770000)

INSERT INTO RentTransaction
VALUES ('RE027','2019-02-12','2019-02-15','ST007','MM001')

INSERT INTO RentDetail
VALUES ('RE027','GW004',4)


-- Customer 3
INSERT INTO PurchaseTransaction
VALUES ('PD028','2017-04-22','ST004','VD006','PY006')

INSERT INTO PurchaseDetail
VALUES ('PD028','GW009',5)

INSERT INTO Payment
VALUES ('PY028','CASH',985000)

INSERT INTO RentTransaction
VALUES ('RE028','2019-12-09','2019-12-12','ST010','MM008')

INSERT INTO RentDetail
VALUES ('RE028','GW004',5)


-- Customer 4
INSERT INTO PurchaseTransaction
VALUES ('PD029','2018-08-17','ST001','VD009','PY011')

INSERT INTO PurchaseDetail
VALUES ('PD029','GW003',2)

INSERT INTO Payment
VALUES ('PY029','OVO',1000000)

INSERT INTO RentTransaction
VALUES ('RE029','2019-01-8','2019-01-10','ST004','MM004')

INSERT INTO RentDetail
VALUES ('RE029','GW003',2)


-- Customer 5
INSERT INTO PurchaseTransaction
VALUES ('PD030','2019-10-21','ST010','VD010','PY013')

INSERT INTO PurchaseDetail
VALUES ('PD030','GW001',4)

INSERT INTO Payment
VALUES ('PY030','GOPAY',800000)

INSERT INTO RentTransaction
VALUES ('RE030','2016-06-19','2016-06-20','ST003','MM007')

INSERT INTO RentDetail
VALUES ('RE030','GW003',5)

